street_address,latitude,longitude,number_of_spots
8 Kensington Ave,43.653057756,-79.400127413,1
87 Avenue Rd,43.671979996,-79.395325446,4
162 Mc Caul St,43.655627766,-79.392067935,1
147 Baldwin St,43.654887872,-79.399866469,2
888 Yonge St,43.672934626,-79.388268569,1
180 Elizabeth St,43.657373977,-79.386162758,10
59 Spadina Rd,43.66948572,-79.40486406,1
230 College St,43.658403037,-79.397893094,6
2 Sussex Ave,43.66563289,-79.399139688,8
563 Crawford St,43.659275864,-79.420396146,2
1256 Bay St,43.671069531,-79.390161764,1
1262 Bay St,43.670979628,-79.390123544,1
93 Harbord St,43.662691172,-79.403579361,1
410 College St,43.656838872,-79.406360208,2
169 Harbord St,43.661922703,-79.407378062,4
258 Christie St,43.670857546,-79.421305252,1
862 Dundas St W,43.651420439,-79.410691095,1
858 Dundas St W,43.651426969,-79.41066586,1
41 Avenue Rd,43.670647272,-79.394814997,2
36 Avenue Rd,43.670198343,-79.394870691,3
34 Avenue Rd,43.670134918,-79.394842191,1
"NA Yonge St",43.670493582,-79.386772371,2
"NA Park Rd",43.671141401,-79.38426737,2
354 Davenport Rd,43.675271456,-79.401567016,4
"NA NA",43.658695878,-79.382093162,4
784 College St,43.654838233,-79.420866059,2
332 Harbord St,43.659653688,-79.419254982,2
623 Bathurst St,43.659959805,-79.409014824,1
489 College St,43.656049367,-79.409242601,2
747 College St,43.654898633,-79.419928597,8
382 Bathurst St,43.653498092,-79.406602852,1
1000 Bay St,43.665118774,-79.387555027,5
832 Bay St,43.662133781,-79.386356476,6
595 Bay St,43.656404886,-79.383723107,21
864 Bathurst St,43.667122947,-79.412092735,2
699 Bloor St W,43.66370779,-79.417410566,2
789 Dupont St,43.670618497,-79.426125652,3
953 Ossington Ave,43.667337928,-79.427790051,2
149 Christie St,43.667284461,-79.419800735,2
238 Christie St,43.670116498,-79.421032504,2
18 Madison Ave,43.668026986,-79.403217407,2
316 Bloor St W,43.667154286,-79.402853689,5
238 Bloor St W,43.668199051,-79.396974415,3
438 Dundas St W,43.653482847,-79.395734575,3
420 Dupont St,43.673816981,-79.411993158,3
693 Bathurst St,43.663412195,-79.410407798,8
149 Baldwin St,43.654871867,-79.399946861,4
66 Edward St,43.656639805,-79.383961178,3
421 Spadina Ave,43.657100996,-79.399501074,1
655 Bay St,43.658085807,-79.384456875,7
135 Yorkville Ave,43.670583316,-79.393673927,1
819 Bathurst St,43.666069354,-79.411338642,8
165 Augusta Ave,43.652973613,-79.40127717,2
700 University Ave,43.659241502,-79.390458711,7
330 Dupont St,43.674400153,-79.409266899,1
46 Hayden St,43.669897607,-79.384155943,2
11 Orde St,43.658600188,-79.390321184,5
100 Baldwin St,43.65539474,-79.396916521,1
192 Bloor St W,43.668598112,-79.395003695,1
1076 Bay St,43.666992295,-79.388427745,3
488 Dupont St,43.673057393,-79.41510412,1
155 College St,43.659312505,-79.392583975,12
149 College St,43.659417859,-79.392089692,10
33 Walton St,43.658176115,-79.383772059,3
904 Dundas St W,43.651100899,-79.412259113,1
994 Dundas St W,43.650441565,-79.41551207,3
101 College St,43.659961881,-79.389448548,20
1087 Yonge St,43.679575361,-79.390512087,5
499 Bathurst St,43.656978316,-79.407813754,3
178 St George St,43.668574995,-79.40033004,3
144 Cumberland St,43.669968727,-79.392467299,4
262 Bloor St W,43.668164093,-79.399919199,4
47 Hillsboro Ave,43.674996271,-79.393205427,1
860 Bay St,43.662353633,-79.386616907,3
12 Lippincott St,43.653936549,-79.406568448,4
502 Spadina Ave,43.658575409,-79.400488593,1
140 Charles St W,43.667515839000004,-79.392641887,24
568 Spadina Cres,43.660313794,-79.400406629,3
20 Charles St E,43.668902722,-79.385050466,4
500 University Ave,43.655494811,-79.388874168,12
366 Bloor St W,43.666318309,-79.405842045,3
184-200 College St,43.658913106,-79.395230086,14
120 Bloor St E,43.671091912,-79.384246025,7
62 Cumberland St,43.670693446,-79.389485516,1
83 Albany Ave,43.668365854,-79.411082442,3
40 Dundas St W,43.656189339,-79.381908636,14
559 Huron St,43.67134858,-79.403085454,2
1081 Bathurst St,43.672703786,-79.414071998,1
411 Spadina Ave,43.656946918,-79.39942968,1
248 Bloor St W,43.667897029,-79.398392484,18
20 St George St,43.659316015,-79.396562305,7
534 College St,43.655885302,-79.411053169,3
873 1/2 Bloor St W,43.662024616,-79.425125392,3
371 Bloor St W,43.66684559,-79.402566583,9
499 College St,43.655970686,-79.409743566,1
562 Bloor St W,43.665119919,-79.411567297,2
675 Bloor St W,43.663944379,-79.416321736,2
745 Bloor St W,43.663317775,-79.419220999,3
22 Woodlawn Ave E,43.684237809,-79.391134661,3
889 Bloor St W,43.661974167,-79.425367395,4
1094 Bathurst St,43.672831889,-79.414329308,1
284 Dupont St,43.674991205,-79.407315283,2
594 Bay St,43.655747783,-79.383968587,4
789 Yonge St,43.671636,-79.387245128,8
112 College St,43.660263049,-79.389176852,14
110 Yorkville Ave,43.670843668,-79.392835184,2
292 Spadina Ave,43.65289488,-79.398462767,5
100 Harbord St,43.662840608,-79.403491525,3
310-316 Spadina Ave,43.653412149,-79.398411155,8
132A Baldwin St,43.655443891,-79.398836465,1
380 Bloor St W,43.666211749,-79.406349406,2
370 Huron St,43.664554216,-79.400523792,6
75 Prince Arthur Ave,43.668721033,-79.400072365,4
601 College St,43.655089073,-79.414153836,2
1315 Bay St,43.672304676,-79.390459737,2
44 Charles St W,43.668720186,-79.38895092,14
214 Beverley St,43.657309558,-79.395375196,3
299 Bloor St W,43.668000638,-79.397084044,4
145 Harbord St,43.662125936,-79.406362304,1
312 College St,43.657653682,-79.402277891,1
750 Spadina Ave,43.66647203,-79.404358009,15
76 Elm St,43.657166033,-79.385275688,2
807 College St,43.654498796,-79.421858703,3
773 Yonge St,43.671483607,-79.387179234,11
210 Bellwoods Ave,43.652244806,-79.413399045,8
28 St Andrew St,43.654159931,-79.400006808,2
687 Bloor St W,43.66383934,-79.416819989,3
246 Bloor St W,43.668379148,-79.397643844,10
40 Elm St,43.657545127,-79.383550783,8
824 Dundas St W,43.651729705,-79.409134051,2
158 Clinton St,43.658458,-79.415051647,1
206A Bloor St W,43.66845436,-79.395680554,3
123 Edward St,43.655826482,-79.386485718,7
153 Bloor St W,43.668476987,-79.393900206,2
1004 Dundas St W,43.650399902,-79.415726433,1
111 Harbord St,43.662512476,-79.404438888,1
23 Prince Arthur Ave,43.669514654,-79.396374387,1
483 Bloor St W,43.665676174,-79.407418016,9
110 St George St,43.663248335,-79.398242414,18
754 Bay St,43.659808724,-79.385531965,3
12 Roxton Rd,43.6495721,-79.41981449,2
376 Bloor St W,43.666265817,-79.406092543,3
728 Bloor St W,43.663683276,-79.418153691,3
650 Dupont St,43.671771568,-79.421099347,5
690 Bay St,43.657838871,-79.384725716,1
10 Bellair St,43.669632843,-79.390723942,6
129 College St,43.659578477,-79.39133192,11
23 College St,43.661138146,-79.383842354,3
731 College St,43.654728168,-79.418959106,14
250 Dundas St W,43.654649501,-79.389655348,17
368 Spadina Ave,43.654917179,-79.399015352,2
764 Dundas St W,43.652174032,-79.406948106,2
715 Bloor St W,43.663583051,-79.417983233,4
320 Robert St,43.666097794,-79.405263719,2
217 St George St,43.67192525,-79.401536456,3
140 St George St,43.665320766,-79.399229668,44
614 College St,43.655095468,-79.414758144,1
681 Yonge St,43.668877842,-79.386106988,1
565 College St,43.655357757,-79.412807533,3
55 Harbord St,43.663143307,-79.401403775,14
160 Bloor St E,43.671560038,-79.383246906,5
90 Gerrard St W,43.658745167,-79.386551962,8
469 Bloor St W,43.665994271,-79.406767652,1
468 Huron St,43.666737364,-79.401429876,13
159 Harbord St,43.661989468,-79.406977847,1
18 Baldwin St,43.656155034,-79.393018148,1
334 Bloor St W,43.666660741,-79.404201444,2
887 Yonge St,43.67416364,-79.388257294,2
117 Harbord St,43.662500924,-79.404507644,2
465 Bloor St W,43.666024318,-79.406620785,1
224 College St,43.658473109,-79.397542911,6
175 Elizabeth St,43.657480049,-79.385963285,3
161 Spadina Rd,43.672638332,-79.406088669,1
777 Bay St,43.660795991,-79.385451188,17
600 Bay St,43.655884745,-79.383906847,1
508 Bloor St W,43.665358352,-79.410418487,2
599 Markham St,43.664232582,-79.41209747,2
560 Palmerston Ave,43.665089609,-79.413887605,3
18 Orde St,43.658298845,-79.392028292,6
136 Edward St,43.655658379,-79.387944726,2
21 College St,43.661154307,-79.383781097,1
711 Bay St,43.658664781,-79.384436311,10
72 Elm St,43.657239633,-79.384952016,7
150 Gerrard St W,43.657965654,-79.387997509,12
190 Elizabeth St,43.658334124,-79.386526214,5
220 Elizabeth St,43.660144855,-79.387332615,11
137 Edward St,43.655470872,-79.388089754,4
170 Elizabeth St,43.657298926,-79.386131749,1
61 College St,43.660548295,-79.386531038,6
555 University Ave,43.656824088,-79.386981895,25
78 Elm St,43.657155486,-79.385331797,1
1088 Yonge St,43.678090457,-79.390235486,3
27 College St,43.660989813,-79.38455051,6
811 Bloor St W,43.662763656,-79.421742961,1
19A Yorkville Ave,43.671621523,-79.38869656,1
672 Dupont St,43.67158212,-79.422176173,12
464 Spadina Ave,43.657695481,-79.400121258,4
322 Bloor St W,43.666893094,-79.403127528,4
754 Bathurst St,43.664269276,-79.410953051,1
222 Christie St,43.66968952,-79.420850745,2
826 Yonge St,43.67104083,-79.387356293,3
194 Brunswick Ave,43.662926913,-79.406339977,2
1098 Yonge St,43.678348747,-79.390192036,2
558 Dundas St W,43.652669026,-79.399532661,3
431 College St,43.656300339,-79.407531013,2
357 College St,43.657167007,-79.403668603,2
124 Devonshire Pl,43.667651467,-79.398781664,7
88 Elm St,43.657256086,-79.385870251,12
60 Grosvenor St,43.662277767,-79.387538789,8
626 College St,43.655018413,-79.415165133,7
16 Russell St,43.660177675,-79.398431085,4
622 Bloor St W,43.664561789,-79.414138068,2
599 Bloor St W,43.664672004,-79.412987147,1
255 Mc Caul St,43.658126355,-79.392838972,3
57 Grenville St,43.661561522,-79.38632452,12
235 Mc Caul St,43.657831153,-79.392842317,6
1000 Yonge St,43.675600879,-79.3891635,3
175 Bloor St E,43.67030154,-79.382744815,6
270 Bloor St W,43.667408915,-79.400727563,1
55 Scollard St,43.672213056,-79.389854447,4
153 Mc Caul St,43.655591863,-79.39188679,4
19 Orde St,43.658266696,-79.391427277,10
16 Baldwin St,43.656204293,-79.392801127,3
522 University Ave,43.655729061,-79.389560059,23
222 St Patrick St,43.655871222,-79.390830076,4
839 Yonge St,43.673584024,-79.388037016,2
25 Prince Arthur Ave,43.669463472,-79.396623646,2
20 Sussex Ave,43.664965589,-79.400516823,3
72 Bellevue Ave,43.655048749,-79.403741392,1
45 Grosvenor St,43.662347548,-79.386642415,4
84 Gerrard St W,43.658592838,-79.385687519,4
195B Dundas St W,43.655214364,-79.387302965,4
1132 Bay St,43.668484443,-79.38908566,3
55 Bloor St W,43.669201636,-79.389135207,9
29 Bellair St,43.671154723,-79.390927832,3
522 Dupont St,43.672883099,-79.415912312,1
469 College St,43.656161757,-79.408688256,3
610 Bloor St W,43.664744906,-79.413591494,1
487 Spadina Cres,43.659931943,-79.399873935,5
30 Charles St W,43.668726671,-79.386393809,3
22 Yorkville Ave,43.671733541,-79.388607355,4
80 Charles St E,43.669619979,-79.381691119,2
560 Dundas St W,43.652639916,-79.399684179,3
742 Spadina Ave,43.666161316,-79.403625713,10
75 Yorkville Ave,43.671004166,-79.391157463,4
83 Yorkville Ave,43.671006927,-79.391639211,1
267 Howland Ave,43.673647112,-79.411564283,2
55 Avenue Rd,43.671240862,-79.395050425,1
51 Avenue Rd,43.670988412,-79.394949504,1
33 Russell St,43.659915,-79.399224388,8
767 Bay St,43.65954323,-79.385184955,3
531 College St,43.65568044,-79.411080101,3
264 Beatrice St,43.658238997,-79.418965526,11
24 Sussex Ave,43.665172302,-79.400653098,2
888 Bloor St W,43.662109133,-79.425362042,1
320 Huron St,43.66287273,-79.399879133,16
222 Elm St,43.656169604,-79.392096475,8
388 Bloor St W,43.672331112,-79.377358792,2
770 Bay St,43.660217201,-79.385719553,4
799 College St,43.654611939,-79.421290534,2
2 Russell St,43.660567394,-79.397063179,2
495 Bloor St W,43.665751176,-79.40793442,1
396 College St,43.656958947,-79.40573994,1
135 St George St,43.667786158,-79.398926617,8
661 University Ave,43.659255719,-79.389962682,3
100 College St,43.660430479,-79.388220896000007,5
18 Shaftesbury Ave,43.682188623,-79.390765423,2
185 Davenport Rd,43.675080937,-79.393904212,10
64 Nassau St,43.655644378,-79.402400448,4
222 College St,43.658594512,-79.397252889,12
214-220 College St,43.658705951,-79.396634874,17
146 Baldwin St,43.65500636,-79.399681695,3
180 Cumberland St,43.669473418,-79.394280176,2
506 Bathurst St,43.657037992,-79.408038664,2
24 Baldwin St,43.656136092,-79.393130522,3
1034 Dundas St W,43.650183854,-79.416823534,2
78 Queen's Park,43.666199229,-79.393590627,6
25 Spadina Rd,43.668229018,-79.404364835,2
308 Palmerston Ave,43.655825457,-79.410368183,3
909 Bathurst St,43.669148217,-79.412677583,1
171 Dupont St,43.675545469,-79.403419484,2
718 Bathurst St,43.663102413,-79.410489885,3
268 College St,43.658124087,-79.400295621,8
232 Dupont St,43.675255476,-79.405582282,8
148 Nassau St,43.653840793,-79.406536236,2
470 Huron St,43.6674388,-79.401756937,3
248 Dupont St,43.675105807,-79.406266308,3
215 Madison Ave,43.675065125,-79.405714867,4
200 Bloor St W,43.668530538,-79.395334037,3
602 Bloor St W,43.664775639,-79.413152956,2
631 Spadina Ave,43.663248681,-79.401996492,4
585 College St,43.655237917,-79.413399229,1
620 University Ave,43.658922397,-79.39031503,5
730 Bay St,43.659062941,-79.385726787,6
928 Dundas St W,43.650899663,-79.413255124,2
490 Bloor St W,43.665519453,-79.409663522,1
167 College St,43.659176356,-79.393210393,4
174 St George St,43.66833035,-79.400228953,4
782 Bathurst St,43.664670589,-79.41112133,7
558 Bloor St W,43.665143593,-79.411456639,1
537 Bloor St W,43.665199467,-79.409837456,4
66 Avenue Rd,43.671661199,-79.395490548,3
87 Cumberland St,43.67039834,-79.390393095,1
70A Yorkville Ave,43.671244645,-79.390975162,1
97 Yorkville Ave,43.670952904,-79.391890178,1
1233 Bay St,43.670674409,-79.389582687,3
4 Cumberland St,43.671099711,-79.387387234,1
337 Spadina Ave,43.654875145,-79.398615253,6
293-299 Spadina Ave,43.65345827,-79.398051905,4
399 Bathurst St,43.652823976,-79.406117129,8
900 Yonge St,43.673541055,-79.388216843,1
362 Bloor St W,43.666359941,-79.405642411,7
1221 Bay St,43.670677382,-79.389126739,5
354 Huron St,43.663924067,-79.400270573,2
364 Huron St,43.664477978,-79.40049193,6
889 Yonge St,43.674532585,-79.388443123,5
980 Yonge St,43.675207987,-79.388714247,1
912 Yonge St,43.67398627,-79.388398965,1
932 Yonge St,43.674425176,-79.388594175,2
926 Yonge St,43.67412648,-79.388471543,3
20 Willcocks St,43.662182005,-79.399573931,3
120 St George St,43.663997338,-79.398722338,4
648 Spadina Ave,43.663040861,-79.402544054,2
5 Bedford Rd,43.668500579,-79.397483507,1
490 University Ave,43.655285628,-79.38878297,5
10 Surrey Pl,43.661119642,-79.387815574,4
677 Dupont St,43.671480374,-79.421861676,1
25 Russell St,43.660048227,-79.398575906,3
1134 Yonge St,43.679721305,-79.390773345,2
201 Elizabeth St,43.659304881,-79.386792436,5
710 Bathurst St,43.662954915,-79.410430861,2
175 Harbord St,43.661839353,-79.407786336,1
73 Harbord St,43.66286557,-79.402755202,1
324 Dundas St W,43.654211123,-79.392249759,1
250 College St,43.658263883,-79.398589737,11
333 Harbord St,43.659620649,-79.418679115,6
806 Dundas St W,43.65179421,-79.408809326,4
546 College St,43.655716734,-79.411881073,3
39 Spadina Rd,43.668597691,-79.404509446,1
172 Harbord St,43.662253201,-79.406524572,2
956 Bay St,43.664535337,-79.387370466,3
143 Elizabeth St,43.656008213,-79.385366769,1
100 Bloor St E,43.671025299,-79.384367185,5
572 College St,43.655443083,-79.41303701,4
634 Dundas St W,43.652006602,-79.402727386,1
848A Yonge St,43.672181384,-79.387302844,4
11 Elm Ave,43.674665983,-79.379423746,3
420 Huron St,43.666644693,-79.401404413,6
38 Madison Ave,43.668981413,-79.40356724,3
245 Dupont St,43.674880643,-79.406586977,9
16 Orde St,43.658391296,-79.391590224,6
630 Bloor St E,43.673929925,-79.368566886,2
50 Baldwin St,43.655687087,-79.395455036,4
618 Dundas St W,43.652207041,-79.401761116,2
61 Bellevue Ave,43.654909593,-79.40350167,4
831 Bloor St W,43.662513705,-79.42289402,3
1148 Yonge St,43.680088846,-79.390905589,1
158 Cumberland St,43.66983096,-79.393487632,2
634 College St,43.655160097,-79.416662535,9
922 Yonge St,43.674091714,-79.38845365,1
934 Yonge St,43.674570332,-79.388641149,1
548 Spadina Cres,43.659904051,-79.401643093,1
22 Russell St,43.660091703,-79.398970132,4
44 St George St,43.660289272,-79.397443332,2
508 Spadina Ave,43.658606215,-79.400497711,1
455 Spadina Ave,43.65815154,-79.399913488,2
566 Dupont St,43.672414836,-79.418066802,4
98 Avenue Rd,43.672772084,-79.39592674,1
38 Walmer Rd,43.668398153,-79.406766231,3
191R Roxton Rd,43.653645336,-79.419905096,2
256D Augusta Ave,43.656342019,-79.402843298,1
191 Baldwin St,43.654627004,-79.401262444,2
725 Spadina Ave,43.666683726,-79.403274284,4
686 Bay St,43.657757758,-79.384690245,3
37 Madison Ave,43.668729941,-79.403350645,1
380 Huron St,43.664956777,-79.4009807,4
55 Elm St,43.65714468,-79.384418064,2
8 Park Rd,43.671429211,-79.38452764,5
141 Harbord St,43.66217406,-79.406081294,2
1156 Yonge St,43.680219104,-79.390960983,1
340 College St,43.657659036,-79.402922753,4
2 Elm St,43.657900854,-79.381781401,3
857 Bloor St W,43.662262046,-79.424044988,3
746 Bathurst St,43.664072753,-79.410877877,3
150 Elizabeth St,43.656461141,-79.385697138,1
87 Elm St,43.656867934,-79.386058234,3
677 Bloor St W,43.66390365,-79.4165269,1
162 Bloor St W,43.66897857,-79.394134902,3
164 Cumberland St,43.669780079,-79.393734034,3
50 Bloor St W,43.670734265,-79.388841194,4
574 University Ave,43.657529998,-79.389750178,3
409 1/2 College St,43.656506588,-79.4065868,3
454 College St,43.656482149,-79.408157433,2
200 College St,43.658848145,-79.395962546,3
40 Asquith Ave,43.671798477,-79.385008036,1
97 Collier St,43.672361662,-79.384917024,2
17 Park Rd,43.671520504,-79.384426306,1
1255 Bay St,43.671035497,-79.389916446,1
172 Brunswick Ave,43.662282951,-79.406344464,1
97 Scollard St,43.671790563,-79.391952522,2
1254 Bay St,43.671174982,-79.390205986,2
3 Walmer Rd,43.666513061,-79.40542157,3
1133 Yonge St,43.681442173,-79.391170174,5
350 Bloor St E,43.672063082,-79.378715414,3
562 College St,43.655614644,-79.412378293,3
161 Baldwin St,43.654917854,-79.399826813,1
6 Crescent Rd,43.677146535,-79.388963761,4
414 Dupont St,43.673889027,-79.411831247,1
263 Mc Caul St,43.65866848,-79.393164908,8
163 St George St,43.670636331,-79.40099216,1
3 Borden St,43.657196478,-79.405207143,7
271 College St,43.657764178,-79.400664638,5
594 Spadina Ave,43.661346607,-79.401628042,2
190 Dupont St,43.675589046,-79.403957118,2
266 Dupont St,43.675044949,-79.406595878,4
869 Yonge St,43.67309439,-79.390404279,11
240 Mc Caul St,43.658451696,-79.393073937,2
24 Spadina Rd,43.668871402,-79.404833765,3
25 Cecil St,43.656710237,-79.396171502,2
170 College St,43.65940077,-79.392959111,6
661 College St,43.659221818,-79.389948311,2
609-615 Manning Ave,43.661072064,-79.414811137,8
960 Bay St,43.664818437,-79.38747414,2
280 College St,43.657911571,-79.400986433,3
538 Manning Ave,43.660558511,-79.414909903,6
825 Bloor St W,43.662605412,-79.42246862,2
3 Baldwin St,43.656188394,-79.392431806,2
207 Beverley St,43.657190394,-79.395142909,3
794 Bathurst St,43.665469736,-79.411440773,1
16 Spadina Rd,43.668125042,-79.404544386,1
56D Kensington Ave,43.654216748,-79.400537104,2
488 University Ave,43.65503991,-79.388951908,2
163 Dupont St,43.675608572,-79.403110076,1
39 Prince Arthur Ave,43.669285186,-79.397477996,3
828 Dupont St,43.670541163,-79.427111645,1
860 Dupont St,43.670213808,-79.428632219,1
840 Dupont St,43.670523276,-79.427196982,3
261 Davenport Rd,43.674341386,-79.398003283,1
326 Davenport Rd,43.674704955,-79.400711417,1
141 St George St,43.668776812,-79.399800893,3
14 Prince Arthur Ave,43.669634399,-79.39582301,1
25 Yorkville Ave,43.671593646,-79.388818061,3
473 Bloor St W,43.665957629,-79.406927334,1
700 Bay St,43.658154711,-79.384843197,5
64-72 Hayter St,43.659325539,-79.385327348,2
1002 Bathurst St,43.670555315,-79.413442704,2
1012 Bathurst St,43.670722826,-79.413505874,3
511 Bloor St W,43.665561281,-79.408716066,4
461 Bloor St W,43.666040202,-79.406544547,1
525 Bloor St W,43.665487622,-79.409204416,2
896A Bathurst St,43.667705486,-79.412316842,1
425 Bloor St W,43.666386101,-79.404904432,5
656A Bloor St W,43.664232898,-79.415633922,1
571 Bloor St W,43.664986234,-79.411559159,5
605 Bloor St W,43.664651478,-79.413090709,1
605 Markham St,43.664909129,-79.411925502,2
219 Harbord St,43.661487937,-79.409441644,3
1177 Yonge St,43.682476557,-79.391690936,3
465 University Ave,43.655036518,-79.388066396,5
525 University Ave,43.655846837,-79.388491045,5
110 Elm St,43.657078533,-79.389020261,9
657 University Ave,43.658935618,-79.390042418,1
585 University Ave,43.65784095,-79.389360428,9
958 Bay St,43.664634384,-79.387415306,2
286 Harbord St,43.661468383,-79.413778619,5
698 Spadina Ave,43.664788987,-79.403025901,4
200 Elizabeth St,43.659165674,-79.386901777,10
118 Edward St,43.655921829,-79.386759306,3
610 Bay St,43.656308336,-79.384235157,3
550 University Ave,43.657566758,-79.389089874,6
96 Walton St,43.658031706,-79.385171278,1
44 Gerrard St W,43.658756728,-79.384003881,2
660 Bloor St W,43.664205665,-79.415762921,1
648A Bloor St W,43.664298981,-79.415329628,2
604 Bloor St W,43.664735899,-79.413351111,1
20A Charles St E,43.668897272,-79.385077131,2
95A Bloor St W,43.669119162,-79.390826731,6
37 Charles St W,43.668608502,-79.387522038,3
128 Dundas St W,43.65563266,-79.384503894,1
210 Dundas St W,43.654978623,-79.387577076,1
20 Dundas St W,43.656260241,-79.381570926,2
5 Baldwin St,43.65614036,-79.392627044,1
186 St George St,43.66916418,-79.400591589,2
287 Davenport Rd,43.674198765,-79.399665837,2
115 Cumberland St,43.670085822,-79.391902108,11
233A College St,43.65829476,-79.397590559,2
381 Spadina Ave,43.656343281,-79.399198208,1
349 Spadina Ave,43.655310776,-79.398761913,4
229 College St,43.658318386,-79.39747204,2
287 Ossington Ave,43.65058104,-79.42113264,1
796 Dundas St W,43.651912385,-79.40824463,2
846 Dundas St W,43.651527732,-79.410131444,1
125 Queen's Park,43.668438242,-79.393882076,3
589 Markham St,43.663734091,-79.411901378,1
6 Gore St,43.654641468,-79.414218076,4
176 Elm St,43.656289231,-79.389608356,13
674 Bay St,43.657564899,-79.384612304,5
59 College St,43.660615586,-79.385883371,2
740-746 Bay St,43.659437987,-79.385376525,2
355 Spadina Ave,43.655618982,-79.398902578,1
223 College St,43.65837735,-79.397168289,2
412 Spadina Ave,43.656202652,-79.399531358,2
422 Spadina Ave,43.656400426,-79.399633592,1
184 College St,43.659063821,-79.394525118,5
459 College St,43.656225867,-79.408409287,2
398 Bloor St W,43.666004291,-79.407342154,2
444 Bloor St W,43.665693731,-79.408822587,4
326 Bloor St W,43.666856923,-79.403305569,3
2 Roxborough St E,43.67826936,-79.389967392,3
12 Shaftesbury Ave,43.682100312,-79.391223102,4
121 St George St,43.666319048,-79.399159377,2
351 Bloor St W,43.667036315,-79.401389294,3
80 Hayden St,43.670479011,-79.381450926,4
460 Manning Ave,43.657763181,-79.413608087,7
766 College St,43.655017429,-79.420233141,9
452 College St,43.656502163,-79.40805938,4
602 College St,43.655195715,-79.414270113,2
590 College St,43.655341654,-79.413529974,1
414 Manning Ave,43.657517833,-79.413508381,2
615 College St,43.654983463,-79.414653341,1
394 Euclid Ave,43.655805238,-79.411544624,2
710 College St,43.655290097,-79.418518896,1
787 Dupont St,43.67062453,-79.426105734,1
317 Bloor St W,43.667545059,-79.399257169,4
235 Bloor St W,43.668285162,-79.395688444,1
1 Ted Rogers Way,43.670785245,-79.380085457,2
707 Yonge St,43.669266967,-79.386267979,1
2 Roxborough St W,43.67822865,-79.390230965,2
880 Bay St,43.663288909,-79.386828934,3
208 Christie St,43.66929658,-79.420767679,4
641 Dupont St,43.671684405,-79.420790563,1
118 Christie St,43.666126153,-79.419512046,3
40 Rossmore Rd,43.670984323,-79.414895416,3
105 Christie St,43.666207068,-79.41954443,2
101 Davenport Rd,43.674034439,-79.391925045,3
397 Spadina Ave,43.656626802,-79.399313354,1
180 Mc Caul St,43.656495303,-79.392442862,1
60 Murray St,43.658024263,-79.391320314,2
27 Baldwin St,43.656023004,-79.393168444,2
405 Spadina Ave,43.656854248,-79.399397473,2
175 College St,43.659024183,-79.393927464,2
245-247 College St,43.658098969,-79.398586504,1
219 College St,43.658453346,-79.396731385,1
243 College St,43.658072286,-79.398721882,1
323 Spadina Ave,43.654164052,-79.398315578,3
6 Oxford St,43.656842594,-79.399800232,2
872 Dundas St W,43.651297642,-79.411267447,3
1052 Dundas St W,43.650039811,-79.417538693,1
256 Crawford St,43.650061213,-79.417398584,5
65 Grace St,43.652148505,-79.414410268,3
790 Dundas St W,43.651952072,-79.408063317,1
246 Clinton St,43.660663637,-79.416512651,1
442-444 Spadina Ave,43.657131218,-79.399929246,1
454 Spadina Ave,43.657283438,-79.399987448,2
651 College St,43.654937124,-79.416058632,2
657 College St,43.654963075,-79.416251807,2
307 Palmerston Blvd,43.656102482,-79.409967894,2
712 College St,43.655271728,-79.418640289,1
706 College St,43.655270214,-79.417399574,12
460 College St,43.656409895,-79.408483634,1
605 College St,43.655051097,-79.414334271,2
436 Bloor St W,43.6657942,-79.408348926,1
264 Bloor St W,43.667525039,-79.400179611,5
360A Bloor St W,43.666478093,-79.405074152,2
524 Bloor St W,43.665269779,-79.410855509,1
532 Bloor St W,43.665246599,-79.410957175,1
910 Dundas St W,43.651066788,-79.41242613,1
148 Augusta Ave,43.652637076,-79.401332508,1
850 Bloor St W,43.662386517,-79.424080197,1
589 College St,43.655219531,-79.413490274,1
836 Bloor St W,43.662447342,-79.423806696,1
831 College St,43.654374154,-79.422445503,1
826 Bloor St W,43.662623748,-79.423004209,5
799 Bloor St W,43.662827058,-79.421458377,3
110 Charles St E,43.670254682,-79.380101027,5
625 Church St,43.669735068,-79.382510374,2
129 Mc Caul St,43.654453352,-79.391418755,1
140 Mc Caul St,43.654737285,-79.391695688,1
320 St George St,43.675031009,-79.403466465,1
40 Bedford Rd,43.670216378,-79.398578925,3
239 College St,43.658142432,-79.398366395,12
278 Dupont St,43.67519201,-79.407354699,10
332 Bloor St W,43.666916886,-79.403817285,6
328A Dupont St,43.674496446,-79.409074814,2
152 Spadina Rd,43.673648921,-79.406725847,1
156 Spadina Rd,43.673748358,-79.406754683,1
318 Dupont St,43.674600488,-79.408686346,4
354 Dupont St,43.674185938,-79.40975695,2
119 Yorkville Ave,43.670688126,-79.393166282,2
111 Avenue Rd,43.673284338,-79.395784524,2
188 Davenport Rd,43.675023591,-79.395523991,1
2 Follis Ave,43.669603478,-79.413243023,1
808 Church St,43.672039239,-79.385144779,5
802 Church St,43.671849864,-79.384785492,3
429 Spadina Ave,43.65718829,-79.399523966,3
374 Spadina Ave,43.655031505,-79.399038931,1
214 College St,43.658587188,-79.396962448,3
392 Spadina Ave,43.655589409,-79.399306579,1
254 College St,43.658118801,-79.399430313,2
474 College St,43.656278729,-79.40908997,3
554 College St,43.65568171,-79.412050103,2
576 College St,43.655428845,-79.413104271,2
1051 Ossington Ave,43.670017189,-79.428773826,2
170 Avenue Rd,43.675454144,-79.397158328,4
348 Davenport Rd,43.675326732,-79.401657332,1
35 Prince Arthur Ave,43.669370624,-79.397067158,1
53 Scollard St,43.672274842,-79.389509839,4
86 Scollard St,43.671929701,-79.391639585,1
684 Bathurst St,43.662173477,-79.410110592,1
161 Harbord St,43.661963357,-79.407061138,1
150 Dundas St W,43.655443643,-79.385375922,4
107 Scollard St,43.671744953,-79.392163588,1
1300 Bay St,43.672113426,-79.390747203,4
316 Yonge St,43.656857036,-79.381615677,4
598-600 College St,43.65520519,-79.414202861,1
1170 Bay St,43.669030462,-79.389312138,1
1085 Bathurst St,43.672762152,-79.414096527,1
936 Bathurst St,43.668972821,-79.412816804,4
1025 Bathurst St,43.671311921,-79.413534021,1
986A Bathurst St,43.670120693,-79.413265988,1
507 Bloor St W,43.665662523,-79.408365401,3
481 Bloor St W,43.665936552,-79.407052368,2
1069 Bathurst St,43.672252631,-79.413901325,3
1075 Bathurst St,43.672579428,-79.414034195,2
1065 Bathurst St,43.672160946,-79.413866376,1
28 Ted Rogers Way,43.670757671,-79.380306671,1
162 Major St,43.662365294,-79.404838726,2
209 Harbord St,43.661534854,-79.409293126,1
75 Harbord St,43.662834711,-79.402871714,1
485 Huron St,43.668789691,-79.402079418,4
656A Spadina Ave,43.663337443,-79.402391868,4
6 Edward St,43.656950274,-79.381805085,1
621 University Ave,43.658288419,-79.389525485,7
126 Edward St,43.655843943,-79.387158798,4
67 College St,43.660476742,-79.38718571,7
11 College St,43.661210185,-79.383506342,1
475 Dupont St,43.67289704,-79.415147075,3
11 Christie St,43.664230449,-79.418616026,4
55 Belmont St,43.675068055,-79.391137941,4
98 Davenport Rd,43.673343083,-79.390858184,2
166 Spadina Rd,43.674116503,-79.406904305,1
645 Bay St,43.65756305,-79.384352315,2
125 Yorkville Ave,43.670665592,-79.393261793,1
8D Spadina Rd,43.66767062,-79.40436678,1
211 Davenport Rd,43.674890913,-79.395270699,1
231 Avenue Rd,43.676470723,-79.397159576,1
165 Avenue Rd,43.674670161,-79.396250532,3
75 Kensington Ave,43.654617251,-79.400597307,3
1219 Yonge St,43.683132434,-79.391991448,3
45A Davenport Rd,43.672857184,-79.389634372,2
366 Bloor St E,43.672190981,-79.378031054,2
934 Manning Ave,43.671976649,-79.419309914,1
612 Bloor St W,43.664748366,-79.413710103,1
968 Bathurst St,43.669620144,-79.413145925,5
994 Bathurst St,43.670332611,-79.413497611,1
28 McMurrich St,43.673787957,-79.389906833,1
111 Spadina Rd,43.671150723,-79.405512411,1
75A Spadina Rd,43.669906783,-79.40501271,1
391 Brunswick Ave,43.66908043,-79.408595086,2
188 Lowther Ave,43.668319393,-79.407142577,1
10 Spadina Rd,43.667759843,-79.404388665,4
5 Walmer Rd,43.666604431,-79.405512336,3
80 Grosvenor St,43.661960641,-79.389078429,4
73 Queen's Park Cres E,43.665976974,-79.393513559,7
152 Augusta Ave,43.652771693,-79.401398711,1
91 Bellevue Ave,43.656252956,-79.404068805,4
160 Baldwin St,43.654932144,-79.400047291,1
138 Baldwin St,43.6550933,-79.399266835,4
864 Bloor St W,43.662351454,-79.424618857,3
805 College St,43.654542284,-79.421644758,4
100 Walton St,43.658014827,-79.385247498,2
23 Baldwin St,43.656027066,-79.393086772,3
29 Baldwin St,43.656007592,-79.393238172,2
94 Avenue Rd,43.672538675,-79.395831632,1
770X Bloor St W,43.662999705,-79.421296201,2
794 College St,43.654731235,-79.421374157,2
805 Bloor St W,43.662819934,-79.421487911,2
739B Ossington Ave,43.662330215,-79.42569812,1
703 College St,43.655145449,-79.418013589,2
814 Bloor St W,43.662672308,-79.422780684,2
533 College St,43.655666213,-79.411177734,1
496 Montrose Ave,43.662914881,-79.421044911,1
717 College St,43.655138585,-79.418503355,2
835 Bloor St W,43.662493535,-79.423000663,1
699 College St,43.655161475,-79.417719387,1
603 Markham St,43.664487464,-79.412157771,5
344 Harbord St,43.659538748,-79.419802764,2
732 Spadina Ave,43.665528363,-79.403249465,4
238A Dupont St,43.675196423,-79.405869585,2
180 Dundas St W,43.655124532,-79.386898478,6
170 St George St,43.667719768,-79.399998868,4
238 Davenport Rd,43.674542256,-79.397952966,3
460 Spadina Ave,43.657459676,-79.400021189,3
456 College St,43.656446685,-79.40830477,2
750 College St,43.655149701,-79.419512157,2
692 Bay St,43.657859737,-79.384733943,1
732 Bloor St W,43.663889575,-79.418466685,6
93 Christie St,43.665813934,-79.419247889,2
287 Harbord St,43.660512131,-79.414376608,2
972 Bathurst St,43.669778731,-79.413129784,2
133 Bloor St E,43.670762013,-79.383156689,4
88 Charles St E,43.669685033,-79.381389832,2
1071 Shaw St,43.670562192,-79.426376488,2
793 Dupont St,43.670585938,-79.426268189,2
3 Charles St W,43.668892035,-79.386301693,1
254 Christie St,43.67060919,-79.4212129,2
494 Bloor St W,43.665527788,-79.409957221,2
396 Dupont St,43.673897956,-79.411119155,1
125 Kendal Ave,43.674262625,-79.409111177,3
123 Spadina Rd,43.671672565,-79.405723366,2
50 Kendal Ave,43.671070581,-79.409163355,2
70 Spadina Rd,43.670625531,-79.405523041,2
527 Bloor St W,43.665419915,-79.409522619,3
493 Bloor St W,43.665764256,-79.407870698,1
1051 Bathurst St,43.671927171,-79.413771206,1
800 Bathurst St,43.665684139,-79.411524126,4
515 Bloor St W,43.665540534,-79.408945031,1
848 Bathurst St,43.666345213,-79.411782359,2
922 Bathurst St,43.668688944,-79.412708551,1
1098 Bathurst St,43.672997499,-79.414395966,3
41 Baldwin St,43.655903825,-79.393757676,3
394 Dundas St W,43.653788706,-79.394259252,3
51 Baldwin St,43.655823149,-79.394071962,1
416 College St,43.656740357,-79.406838912,2
317 College St,43.65756174,-79.401683535,2
415-417 College St,43.656525795,-79.406846859,2
1 Brunswick Ave,43.657377638,-79.403719373,6
8 Elm St,43.657820521,-79.382178193,2
1168A Bay St,43.668950668,-79.389277971,3
142 Avenue Rd,43.674527344,-79.397048664,4
176 Dupont St,43.675693983,-79.403431062,3
307 Davenport Rd,43.674428736,-79.400601593,1
369 Davenport Rd,43.675607472,-79.40244351,1
250 Davenport Rd,43.674511564,-79.398112217,3
206 St George St,43.670713266,-79.401215026,3
913 Bathurst St,43.669220875,-79.412703728,2
581 Markham St,43.663690615,-79.411883398,8
39 Queen's Park Cres E,43.664262382,-79.390786526,4
461 Bathurst St,43.655416399,-79.407173997,1
174 Davenport Rd,43.67514392,-79.394959182,1
159 Avenue Rd,43.674401871,-79.396322188,1
19 Hazelton Ave,43.671407643,-79.393256579,1
146 Davenport Rd,43.67526591,-79.394000513,1
192 Davenport Rd,43.674988045,-79.395705333,1
225 St George St,43.672109293,-79.401610818,2
36A Prince Arthur Ave,43.669395352,-79.3974179,2
31 Prince Arthur Ave,43.669423136,-79.396805448,3
48 Oxford St,43.656378887,-79.401495287,1
194 Augusta Ave,43.654325002,-79.402009503,1
90 Oxford St,43.655742086,-79.404661211,5
126 Denison Ave,43.652055798,-79.40246163,2
215 Augusta Ave,43.654085666,-79.401743386,2
69 Oxford St,43.655935747,-79.402512171,1
138 Augusta Ave,43.652265141,-79.401465007,1
243 Bloor St E,43.67108683,-79.38048054,7
609 Bloor St W,43.664644363,-79.413138298,2
642 Bloor St W,43.664379378,-79.414967905,1
719 Bloor St W,43.663537954,-79.418208075,1
688A Bloor St W,43.663921906,-79.417048556,2
678 Bloor St W,43.664010554,-79.416646153,2
135 Cumberland St,43.670051077,-79.392055429,1
259 College St,43.65793158,-79.399441707,1
393 Spadina Ave,43.656572601,-79.399292126,3
185 College St,43.658901316,-79.394502533,3
252 College St,43.658156375,-79.399248371,5
507 College St,43.655793379,-79.410511217,4
836 Dundas St W,43.65158569,-79.40985132,2
982 Dundas St W,43.650531911,-79.415066336,3
816 Dundas St W,43.6517576,-79.408984845,1
319 Ossington Ave,43.651054911,-79.42114186,5
90 College St,43.660547119,-79.387768843,4
71 Grenville St,43.661277674,-79.387138286,4
76 Grenville St,43.661326743,-79.386914334,1
85 Grenville St,43.66119877,-79.387480018,3
322 Yonge St,43.656975443,-79.381685051,2
380 Spadina Ave,43.655239267,-79.399164003,1
340 Spadina Ave,43.654146546,-79.398721513,3
404 Spadina Ave,43.65608731,-79.399498835,1
558 College St,43.65565322,-79.412192871,2
500 College St,43.656135302,-79.409832408,1
14 Clinton St,43.654096163,-79.413668641,4
159 Elm St,43.656121052,-79.389590289,1
20 Orde St,43.658149759,-79.392719082,10
74 Elm St,43.657172345,-79.385247205,1
1 Bloor St E,43.670581554,-79.386802207,7
10 Yorkville Ave,43.672051882,-79.387606499,1
862 Yonge St,43.672350095,-79.38773401,2
295 Harbord St,43.660295709,-79.415426266,2
33 Cecil St,43.656701614,-79.396217428,2
199 College St,43.658764862,-79.395127105,2
179 College St,43.658985895,-79.394102407,1
373 Spadina Ave,43.655885834,-79.399016112,2
621 College St,43.654929485,-79.414924836,1
464 College St,43.656401586,-79.408523837,1
378 College St,43.657136161,-79.405141798,6
318 Dundas St W,43.654253806,-79.392063562,2
424 College St,43.656696871,-79.407075975,2
347 Bathurst St,43.652665545,-79.406061042,1
482 Dundas St W,43.653193748,-79.397144822,1
368 College St,43.657182394,-79.404578589,1
177 Beverley St,43.655799034,-79.394257889,4
258 Augusta Ave,43.656466779,-79.40287509,2
88 Nassau St,43.655078125,-79.403271444,2
15 Asquith Ave,43.671608329,-79.385877635,1
836 Yonge St,43.671401759,-79.386853301,2
67 Scollard St,43.671985124,-79.390561061,2
1319 Bay St,43.672529147,-79.390560117,2
98 Harbord St,43.662894434,-79.403286207,3
155 Borden St,43.661989123,-79.407786643,2
29 Grace St,43.651782376,-79.414266478,2
237 Clinton St,43.660380229,-79.415662009,2
88 Oxford St,43.655789858,-79.404552551,4
564 Dundas St W,43.652545471,-79.400099533,1
608 Dundas St W,43.652237293,-79.40162741,1
79 Kensington Ave,43.654789693,-79.400454445,1
144 Baldwin St,43.655063425,-79.399417136,1
179 Baldwin St,43.654767755,-79.400565286,3
578 Dundas St W,43.652447024,-79.400577004,1
214 Augusta Ave,43.654696634,-79.40215484,1
257 Augusta Ave,43.655294236,-79.402122744,2
91 Scollard St,43.671854388,-79.391650822,2
68 Yorkville Ave,43.671563023,-79.390374068,1
141 Augusta Ave,43.652367733,-79.400978583,1
242 Bloor St W,43.668130969,-79.397257268,2
310 Bloor St W,43.667101303,-79.402197914,3
456 Bloor St W,43.665633161,-79.409124129,2
406A Bloor St W,43.665907333,-79.407798955,2
386 Bloor St W,43.666110499,-79.406833278,1
92 College St,43.66048665,-79.387960535,3
3 Madison Ave,43.66712967,-79.402653904,2
330 St George St,43.675443741,-79.403823118,2
420 Bloor St W,43.665836994,-79.408143581,1
326 1/2 Bloor St W,43.666813697,-79.403484741,2
1099 Yonge St,43.680033546,-79.39069793,1
1068 Yonge St,43.677646728,-79.38991302,2
1091 Yonge St,43.679609583,-79.39052337,1
1097 Yonge St,43.680019805,-79.390694346,1
1123 Yonge St,43.681407437,-79.391157623,1
876 Dundas St W,43.651278264,-79.411376278,2
782 Dundas St W,43.652023907,-79.407690605,4
856 Dundas St W,43.65145551,-79.410496758,1
772A Dundas St W,43.652050883,-79.407560285,4
1026 Dundas St W,43.650240146,-79.416528555,1
830A Dundas St W,43.651675472,-79.409391002,2
924 Dundas St W,43.650928508,-79.413097146,1
918 Dundas St W,43.651022302,-79.412644812,1
852A Dundas St W,43.651510826,-79.410233143,2
768 Dundas St W,43.65215035,-79.40707885,1
760 Dundas St W,43.652208171,-79.406811701,1
866 Dundas St W,43.651388176,-79.410825233,1
1082 Dundas St W,43.649794891,-79.418739858,2
399 Palmerston Blvd,43.659464316,-79.411157835,1
1 Christie St,43.6637452,-79.418412826,2
390 Dupont St,43.673952481,-79.410873634,1
308 Dupont St,43.674694338,-79.408231327,1
191 Spadina Rd,43.673569454,-79.406470602,1
370A College St,43.657175224,-79.404625397,2
195 Davenport Rd,43.67505401,-79.39444,3
133 Hazelton Ave,43.675035118,-79.394551139,1
225 Davenport Rd,43.674766461,-79.395865778,1
126 Scollard St,43.671714341,-79.393384983,1
888 Dupont St,43.670186736,-79.428735433,2
324 College St,43.657578919,-79.402588026,1
401 College St,43.656759275,-79.405664431,5
8A Brunswick Ave,43.657266551,-79.404213304,4
132 Bellevue Ave,43.656946343,-79.40464558,2
347-351 College St,43.657180056,-79.403357464,1
191 St George St,43.671538688,-79.401367255,1
27 Prince Arthur Ave,43.669440541,-79.396725223,1
243 Davenport Rd,43.674473223,-79.39729699,3
177 St George St,43.671339156,-79.401282254,1
342 Davenport Rd,43.675118801000004,-79.401310926,1
329 St George St,43.675597011,-79.403167615,4
277 St George St,43.674031672,-79.402838322,3
365 College St,43.657053741,-79.404164136,5
432 College St,43.656676854,-79.407183564,1
355 College St,43.657163546,-79.403608189,1
326 College St,43.657506355,-79.403076147,2
423 College St,43.656437747,-79.407160303,2
416 Bloor St E,43.672349381,-79.377241845,3
1255 Yonge St,43.684192737,-79.392397275,2
671 University Ave,43.659963614,-79.389421099,2
68 College St,43.660834887,-79.386231846,5
2 Cumberland St,43.670770795,-79.387127405,8
711-717 Bay St,43.659116571,-79.385003823,4
838 Bloor St W,43.662414783,-79.42394641,1
467 College St,43.656185506,-79.408592256,2
471 College St,43.656152275,-79.408752247,1
879 Bloor St W,43.662011126,-79.42518124,1
788 College St,43.654787874,-79.421103219,1
300 Markham St,43.656068007,-79.409155098,3
35 Bellevue Ave,43.654124406,-79.403221914,3
27 Wales Ave,43.653172423,-79.402835816,2
349A Harbord St,43.65914204,-79.420997895,3
326 Harbord St,43.660079479,-79.417235447,2
650 Church St,43.67041882,-79.382990777,3
99 Yorkville Ave,43.670902408,-79.392145216,2
32 Cumberland St,43.670874842,-79.388457767,2
80 Cumberland St,43.670498362,-79.390272737,1
350 Huron St,43.663710245,-79.400187274,3
795 College St,43.654739378,-79.420690632,2
872 Bloor St W,43.662224611,-79.424820171,1
595 College St,43.655179582,-79.413678426,1
491 College St,43.655962679,-79.409675721,2
876 Bloor St W,43.662162937,-79.425114978,2
825 College St,43.654428751,-79.422174642,4
778 College St,43.654862836,-79.420744212,1
20 St Andrew St,43.654183566,-79.399877151,4
48 Kensington Ave,43.65397936,-79.400487949,1
297 Harbord St,43.660280195,-79.415513993,2
111 Yorkville Ave,43.670791722,-79.392689869,1
852 Bathurst St,43.666496484,-79.411839555,1
910 Bathurst St,43.667977062,-79.41242391,1
533 Bloor St W,43.665394293,-79.409644618,2
327 Bloor St W,43.667356781,-79.400184693,5
1021 Bathurst St,43.671257737,-79.413511767,1
555 Bloor St W,43.66522006,-79.410474454,1
277 Borden St,43.665584931,-79.408502944,4
467 Bloor St W,43.666007027,-79.406705799,1
563 Bloor St W,43.665145145,-79.410834959,1
1044 Bathurst St,43.671656257,-79.413867984,1
832 Bathurst St,43.665799081,-79.411567432,2
1088 Bathurst St,43.672635486,-79.414263051,1
25 Harbord St,43.66360531,-79.399206793,2
486 Spadina Ave,43.658532946,-79.400473766,1
701A Bloor St W,43.663669675,-79.417611656,3
361A Clinton St,43.663803156,-79.416992269,1
628 Bloor St W,43.664497338,-79.414424025,1
723 Bloor St W,43.663511474,-79.418301784,1
710 Bloor St W,43.663736741,-79.417911958,2
560 Bloor St W,43.665138999,-79.411476288,1
663 Bloor St W,43.664078491,-79.415735392,1
704 Bloor St W,43.663807668,-79.417588646,1
809 Yonge St,43.672327012,-79.387534662,3
252 Mc Caul St,43.658461495,-79.393077784,4
440 College St,43.656662761,-79.407428587,5
486 Bloor St W,43.665530352,-79.409610192,1
350 Bloor St W,43.666555371,-79.404706967,1
324 Bloor St W,43.666869379,-79.403250596,2
1 Rowanwood Ave,43.678945116,-79.390227302,2
657 Spadina Ave,43.664038215,-79.40231028,2
130-140 St George St,43.664452156,-79.398657563,1
828 Dundas St W,43.651687694,-79.409340678,1
1110 Dundas St W,43.649542629,-79.419973289,1
870 Dundas St W,43.651334712,-79.411098839,1
920 Dundas St W,43.650949544,-79.412985729,1
916 Dundas St W,43.651039138,-79.412566651,1
218 Beverley St,43.657481618,-79.395440914,2
336 Davenport Rd,43.674949522,-79.401080677,1
500 Dundas St W,43.653126529,-79.397931108,2
554 Roxton Rd,43.662157575,-79.424513411,2
826 College St,43.654529646,-79.422325738,2
695 College St,43.655127466,-79.417305106,3
673 College St,43.655096595,-79.417060695,2
737 Ossington Ave,43.662211409,-79.425648736,1
2 Bellevue Ave,43.653176096,-79.40285411,1
532 Palmerston Blvd,43.66379793,-79.413400942,3
587 Markham St,43.663827594,-79.411935684,1
111 Queen's Park,43.668016146,-79.393712242,2
23 Queen's Park Cres E,43.662985593,-79.390268448,2
187 Baldwin St,43.654653081,-79.401141534,1
670 Dundas St W,43.651854199,-79.4034648,1
83 Nassau St,43.654901759,-79.40353088,2
71 Nassau St,43.655078755,-79.402745452,1
562 Dundas St W,43.652561024,-79.400028708,3
1180 Bay St,43.669425752,-79.389467841,1
1102 Bay St,43.667759311,-79.388767545,1
261 College St,43.657914036,-79.399525823,1
301 Davenport Rd,43.674425148,-79.400581911,1
263-265 Davenport Rd,43.674271424,-79.398341184,1
314 Davenport Rd,43.674691008,-79.400685222,2
330 Davenport Rd,43.675103248,-79.40130911,2
37 Prince Arthur Ave,43.669291533,-79.397378246,1
318 St George St,43.674990179,-79.403451383,1
468 Bloor St W,43.665598281,-79.409295329,1
440 Bloor St W,43.665757548,-79.408514248,1
17 Prince Arthur Ave,43.669597623,-79.395967428,1
29 Yorkville Ave,43.671573766,-79.38892621,2
1052 Bathurst St,43.671867847,-79.413952267,1
561 Bloor St W,43.665166932,-79.410728818,1
565 Bloor St W,43.665129471,-79.410909816,1
966 Bathurst St,43.669408748,-79.41298434,1
348 Bloor St W,43.666594202,-79.404529986,1
526 Bloor St W,43.665257097,-79.410913039,1
377 Ossington Ave,43.652256137,-79.421755277,1
912 Dundas St W,43.651051329,-79.412500394,2
3 Scollard St,43.672582185,-79.388069363,3
12 Elm St,43.65777127,-79.382477139,2
38 Elm St,43.657593125,-79.38332738,2
4 Edward St,43.656996553,-79.381579832,2
100 Dundas St W,43.655962291,-79.383949618,1
654 Manning Ave,43.663925201,-79.416427919,1
668 Bloor St W,43.664081964,-79.41629621,1
733 Bloor St W,43.663461977,-79.418533445,1
631B Bloor St W,43.664344226,-79.414495096,1
632 Bloor St W,43.664477239,-79.414530203,2
890 Dundas St W,43.651180924,-79.411843174,1
786 Dundas St W,43.651992468,-79.407874822,2
1000 Dundas St W,43.650405906,-79.415698974,1
1140 Dundas St W,43.649541917,-79.420734684,3
842 Dundas St W,43.651533655,-79.410100926,1
795 Bloor St W,43.662867402,-79.42125985,2
815 College St,43.654471981,-79.421976305,2
197 College St,43.658773747,-79.395078858,1
739 Ossington Ave,43.662242353,-79.425664085,1
409 Roxton Rd,43.658779078,-79.422821731,4
856 Bloor St W,43.662342826,-79.424275553,3
299 Harbord St,43.660269935,-79.415563252,1
290 Harbord St,43.660504152,-79.415170765,1
338 Harbord St,43.659618267,-79.419436064,1
632 College St,43.65500817,-79.415257813,1
644 College St,43.655113595,-79.415812285,2
722 College St,43.655171638,-79.419379284,1
54 Kensington Ave,43.654169694,-79.400517502,3
56B Kensington Ave,43.654193522,-79.400530583,1
255 Christie St,43.670299636,-79.420952846,1
659 Markham St,43.665657134,-79.412653488,1
161 Christie St,43.667709017,-79.419962196,1
110 Davenport Rd,43.674084614,-79.391598895,1
348 Dupont St,43.674384696,-79.40929481,1
169 Clinton St,43.658434521,-79.415045524,2
189 Augusta Ave,43.65336477,-79.401468245,1
272 Augusta Ave,43.656697361,-79.402960603,2
276 Augusta Ave,43.656856382,-79.403020128,1
71 Oxford St,43.655973518,-79.402657339,1
183 College St,43.658941035,-79.394326068,1
315 Spadina Ave,43.654105678,-79.398287796,1
370 Dupont St,43.674043841,-79.41043876,1
71 Spadina Rd,43.669833012,-79.405001961,1
205 Spadina Rd,43.67413831,-79.406685644,1
168 Baldwin St,43.654882258,-79.40030231,2
90 Nassau St,43.655024331,-79.403731592,1
412 College St,43.656829818,-79.406613782,2
356 Spadina Ave,43.654602733,-79.398896188,1
294-296 Spadina Ave,43.653131028,-79.398305848,1
900 Bay St,43.663714709,-79.387005456,3
390 Bloor St W,43.666065148,-79.407051177,2
336 Bloor St W,43.666624175,-79.404386611,2
522 Bloor St W,43.665277569,-79.410819541,1
358 Bloor St W,43.666498219,-79.404980327,1
705 College St,43.655143096,-79.418088175,1
532 Dundas St W,43.652791725,-79.398972985,1
86 Nassau St,43.655055593,-79.403382191,1
1132 Dundas St W,43.649491895,-79.420246794,3
792 College St,43.654759129,-79.421243741,1
709 College St,43.655140399,-79.418167453,1
697 College St,43.655157163,-79.417586808,1
804 Bloor St W,43.662724886,-79.422557598,1
708 Crawford St,43.662657335,-79.422245931,1
725 College St,43.65453743,-79.418895794,2
384 College St,43.657033441,-79.405378396,3
434 College St,43.656670331,-79.407398491,1
826 Dundas St W,43.651698585,-79.409285448,1
926 Dundas St W,43.650908689,-79.413204487,1
802A Dundas St W,43.651813785,-79.408715387,1
713 College St,43.655141447,-79.418302808000007,1
669 College St,43.655083913,-79.417000221,1
293A Palmerston Ave,43.655942266,-79.409789668,1
569 Crawford St,43.659371418,-79.420596861,1
598 Markham St,43.663986105,-79.412142152,1
343 Harbord St,43.659306778,-79.420250243,1
602 Markham St,43.664119513,-79.4121928,1
138 Bedford Rd,43.673110938,-79.399379525,1
265 Davenport Rd,43.674254662,-79.398446134,1
148 Avenue Rd,43.674745752,-79.396877345,2
1092 Bathurst St,43.67273053,-79.414297942,1
830 Bathurst St,43.665774066,-79.411555985,1
890 Yonge St,43.673255852,-79.388102056,3
914 Yonge St,43.674044426,-79.388425575,2
86 Harbord St,43.662976687,-79.402812048,3
66 Harbord St,43.66323286,-79.401762032,2
563 Spadina Cres,43.660266039,-79.400267295,1
488 College St,43.656201878,-79.409519736,1
637 College St,43.654871196,-79.415337179,3
496 College St,43.656147177,-79.409780713,1
492 College St,43.656160822,-79.409705227,1
756 College St,43.655115878,-79.419677028,1
566 Bloor St W,43.665068591,-79.411801069,1
364 Clinton St,43.66384003,-79.417429563,2
682A Bloor St W,43.663978721,-79.416791085,3
631 Bloor St W,43.664375914,-79.414361191,1
647 Bloor St W,43.664200162,-79.415179942,1
576 Bloor St W,43.665042268,-79.411948586,1
150 Beverley St,43.654435547,-79.394184195,2
441 Bathurst St,43.655023812,-79.407015141,1
43 Baldwin St,43.655899125,-79.39378278,1
284 College St,43.657857597,-79.401221064,1
70 Cumberland St,43.6707735,-79.389802308,5
1278 Bay St,43.671600314,-79.390390668,2
1235 Bay St,43.670993906,-79.389896394,2
653 Dupont St,43.671589225,-79.42121178,3
645 Dupont St,43.671648135,-79.420969359,1
34 McMurrich St,43.67403281,-79.390027902,1
321 Bloor St W,43.667326305,-79.3996357,7
404 College St,43.656865527,-79.406203689,2
429 College St,43.656382751,-79.407401911,3
716 Bathurst St,43.663040336,-79.410465401,2
428 Summerhill Ave,43.686136478,-79.375895874,2
388 Dupont St,43.673986887,-79.41070625,1
12 Hazelton Ave,43.67123627,-79.393287015,1
121 Yorkville Ave,43.670673651,-79.393221261,1
221 Davenport Rd,43.674832018,-79.395563288,1
180 Bloor St W,43.668654206,-79.394734611,1
182 Mc Caul St,43.65653675,-79.392455783,1
20 Baldwin St,43.656140833,-79.393107553,1
19 Baldwin St,43.656066876,-79.392978125,1
742 Bathurst St,43.663952451,-79.410830484,1
147 Harbord St,43.662117803,-79.406439779,1
610 University Ave,43.658290941,-79.390050103,9
791 Bathurst St,43.66482493,-79.410979882,1
102 Yorkville Ave,43.670948811,-79.392333771,1
295 College St,43.657587221,-79.401564984,2
194 Dupont St,43.675526257,-79.404271736,1
89 Gerrard St W,43.658188279,-79.386012778,1
292 Dundas St W,43.654462907,-79.391020989,1
163 Cumberland St,43.669722703,-79.393641381,1
86 Yorkville Ave,43.67109814,-79.391617115,2
146 Cumberland St,43.669955097,-79.392853896,1
98 Yorkville Ave,43.670969025,-79.392235446,1
948 Yonge St,43.674765671,-79.388726314,1
946 Yonge St,43.674692461,-79.388698877,1
738 Spadina Ave,43.665873108,-79.403435286,3
14 Madison Ave,43.667908974,-79.403146933,4
7 Hayden St,43.669379053,-79.386201283,1
93 Charles St W,43.667398229,-79.392575777,2
292 Harbord St,43.660497756,-79.415199503,1
333 Bloor St E,43.67146583,-79.3803793,2
810 Church St,43.672051211,-79.385260024,2
98 Scollard St,43.671845161,-79.392039534,1
510 Bathurst St,43.657103097,-79.408062901,1
184 Harbord St,43.662171344,-79.406815227,2
170 Brunswick Ave,43.662351913,-79.406178842,2
788 Bay St,43.660485383,-79.385819182,2
130 Dundas St W,43.6556214,-79.384554761,1
724 Bay St,43.658923221,-79.385158061,2
696 Bay St,43.657909844,-79.384753626,1
717 Bay St,43.659497557,-79.385165353,2
112 Yorkville Ave,43.670822638,-79.39291549,1
82 Yorkville Ave,43.671137293,-79.391422141,1
60 Harbord St,43.663246543,-79.401599553,5
756 Yonge St,43.669498087,-79.386548384,1
244 Bloor St W,43.668222027,-79.39736882,2
46 St George St,43.660312391,-79.39733609,4
4 Sherbourne St N,43.674008714,-79.377536286,1
827 College St,43.654395665,-79.422308886,2
304 College St,43.657674422,-79.401996208,4
112 Harbord St,43.662848779,-79.403845049,2
195 Harbord St,43.661599439,-79.408901819,2
720 Bathurst St,43.663267199,-79.410554662,2
189 Harbord St,43.661736292,-79.408364881,1
288 Bloor St W,43.667328117,-79.401453629,5
187 Madison Ave,43.6739167,-79.405374824,2
298 Brunswick Ave,43.665592256,-79.407389943,2
678 Bathurst St,43.661983694,-79.410033989,2
106 Harbord St,43.662811046,-79.403626486,2
154 Harbord St,43.662410069,-79.405617353,1
81 Harbord St,43.66274283,-79.403337715,2
23 Davenport Rd,43.672854347,-79.389599956,1
36 Madison Ave,43.668885097,-79.403528786,1
96 Harbord St,43.6629088,-79.4032266,1
256 Mc Caul St,43.658584434,-79.393326583,4
832 College St,43.654676766,-79.422709629,5
150 College St,43.659563811,-79.392197288,3
720 Spadina Ave,43.665400979,-79.403221001,2
205 College St,43.65891443,-79.396162133,4
111-113 Yorkville Ave,43.670861152,-79.392328423,2
4A Cumberland St,43.671087905,-79.387441083,2
398 Huron St,43.66556365,-79.40097041,2
767 Yonge St,43.671127388,-79.387040903,2
100 St George St,43.66219868,-79.399578823,1
264 College St,43.658122356,-79.399902879,1
736 Spadina Ave,43.665816482,-79.403404236,1
9A Yorkville Ave,43.671716086000004,-79.388221371,1
617 Spadina Ave,43.662336139,-79.401635951,1
94 Prince Arthur Ave,43.668724171,-79.402049992,1
760 Bay St,43.659896446,-79.385571399,2
1310 Bay St,43.672803149,-79.390879639,3
730 Bathurst St,43.663572477,-79.41067358,2
183 Lowther Ave,43.668052144,-79.407956867,1
797 College St,43.654728437,-79.420753547,1
319 College St,43.657492074,-79.401967934,1
283 College St,43.657703119,-79.400910523,1
75 Scollard St,43.671974311,-79.391063666,1
180 Baldwin St,43.654748006,-79.400942737,1
427 Bloor St W,43.666126452,-79.406138074,9
100 Cumberland St,43.670494604,-79.391046742,2
63A Yorkville Ave,43.671173885,-79.390831962,1
657 Dupont St,43.671563068,-79.421347294,1
2 London St,43.666705527,-79.411921275,1
586 College St,43.655373094,-79.41338233,1
1132 Yonge St,43.679375199,-79.390607451,1
367 Spadina Ave,43.655702971,-79.398940978,1
532A College St,43.655913789,-79.410907939,2
620 Dundas St W,43.652191632,-79.401847241,1
533 Manning Ave,43.660489216,-79.414490092,1
636 Church St,43.669819008,-79.382738412,1
v 295 College St,43.657599387,-79.401513148,1
4 Charles St E,43.668815061,-79.386081185,1
1036 Dundas St W,43.650172636,-79.416871429,1
340 Harbord St,43.659543493,-79.419777334,1
4 Elm St,43.657837455,-79.382093266,1
710 Spadina Ave,43.665121564,-79.403103188,2
314 St George St,43.674941498,-79.403431985,1
162 Davenport Rd,43.675230579,-79.394541742,1
268 Bloor St W,43.667480254,-79.400438766,1
542 College St,43.655875496,-79.411539577,1
49 Hayden St,43.66987095,-79.384277488,1
577 College St,43.655314828,-79.412994025,2
158 Augusta Ave,43.652873775,-79.401436636,1
468 College St,43.65637904,-79.408637061,1
964 Bathurst St,43.669343974,-79.41296192,1
495 Huron St,43.669157187,-79.402230589,1
886 Bathurst St,43.66739242,-79.412197672,1
164 Bedford Rd,43.675087114,-79.400024121,1
611 Bloor St W,43.6645743,-79.413448479,1
184 Davenport Rd,43.675059086,-79.395362221,1
60 Oxford St,43.656431179,-79.402704194,1
819 Bloor St W,43.662630038,-79.422373905,1
293A Harbord St,43.660309477,-79.415364042,1
418 Spadina Ave,43.656334832,-79.399575926,1
71 Prince Arthur Ave,43.66878668,-79.399754016,1
439 Spadina Ave,43.657411223,-79.399627738,1
376 Spadina Ave,43.655201263,-79.399131294,2
169 Spadina Rd,43.673044418,-79.406253895,1
982A Bathurst St,43.669986469,-79.413212731,1
598 Bloor St W,43.664809118,-79.412969006,2
386 Harbord St,43.658881914,-79.422988883,1
291 Ossington Ave,43.650664405,-79.421166969,2
142 Davenport Rd,43.675339677,-79.393491924,1
360 Dupont St,43.674131518,-79.410022725,1
874 Bloor St W,43.662189481,-79.424971724,1
588 Markham St,43.663778841,-79.412053885,1
33 Baldwin St,43.655968307,-79.393446207,1
446 Bathurst St,43.655273215,-79.407323837,1
1073 Bathurst St,43.67252631,-79.414003339,1
470 College St,43.656347596,-79.40879951,1
602A Dundas St W,43.652292432,-79.401349343,1
360 Bloor St W,43.666505424,-79.404944321,1
77 Grace St,43.652633706,-79.414591609,1
2 Baldwin St,43.656378283,-79.392389645,1
1112 Yonge St,43.678714634,-79.390356815,1
800 Bay St,43.661250826,-79.386121784,2
623 College St,43.654910609,-79.41502403,1
512 Bloor St W,43.665337944,-79.410534465,1
400 Bloor St W,43.665938823,-79.407655185,2
752 Dundas St W,43.652288124,-79.406410898,2
750 Dundas St W,43.652282956,-79.406428906,1
1050 Bathurst St,43.671772742,-79.413917555,1
845 Bloor St W,43.662374235,-79.423542104,1
408 Dupont St,43.67383383,-79.411431585,1
160 Dundas St W,43.65539683,-79.385590031,1
462 Dupont St,43.67338414,-79.413587889,1
129 Davenport Rd,43.674540639,-79.392820244,1
45 Avenue Rd,43.670634478,-79.394766711,1
384 Spadina Ave,43.655366242,-79.399205626,1
609 College St,43.655026766,-79.414440902,1
267 St George St,43.673453784,-79.402391306,1
203 Davenport Rd,43.674938926,-79.395051605,1
345 College St,43.657186783,-79.403335497,1
155 Cumberland St,43.669794081,-79.393280347,1
568A College St,43.655572047,-79.412737524,2
868 Bathurst St,43.667026539,-79.412049592,1
252 Christie St,43.670597874,-79.421208815,1
32 McMurrich St,43.673836262,-79.389930467,3
74 Spadina Rd,43.670893993,-79.405624874,1
869 Bloor St W,43.66213621,-79.424616772,2
667 College St,43.655054461,-79.416892392,1
924 Bathurst St,43.668891748,-79.412786637,1
894 Bathurst St,43.667606029,-79.412280072,1
978 Bathurst St,43.669908379,-79.413182117,1
10 Edward St,43.656965581,-79.38172826,1
451 Dupont St,43.673110675,-79.414155896,2
698 Bay St,43.6579864,-79.384986053,2
471 Bloor St W,43.665972195,-79.406875446,1
1087 Bathurst St,43.672803848,-79.414121078,1
606 Bloor St W,43.664724564,-79.413376312,1
520 Bloor St W,43.665298231,-79.410725126,1
619 College St,43.654956777,-79.414796058,1
102 Scollard St,43.67183305,-79.392101289,1
878 Yonge St,43.672552365,-79.387806784,1
175 Cumberland St,43.669610207,-79.394179583,1
596 Spadina Ave,43.661355771,-79.401636053,1
835 Yonge St,43.673272921,-79.387917549,1
703 Bloor St W,43.663640616,-79.417720091,1
1055 Yonge St,43.678491242,-79.390058042,1
257 College St,43.657947358,-79.399349767,1
184 Augusta Ave,43.653975391,-79.40187068,1
612 Markham St,43.664769035,-79.41256061,3
510 College St,43.655966028,-79.410656838,1
510 Spadina Ave,43.658848503,-79.400574092,2
121 Scollard St,43.671621717,-79.392765151,1
466 Spadina Ave,43.657711924,-79.40012795,1
539 Bloor St W,43.66528652,-79.410164006,2
91 Harbord St,43.662737497,-79.403367249,2
535B Bloor St W,43.665130298,-79.409807727,1
95 Davenport Rd,43.673920412,-79.391723772,1
564 College St,43.655597431,-79.412449661,1
689 Bloor St W,43.663809805,-79.416948217,1
694 Bay St,43.657891724,-79.384747291,1
553 Bloor St W,43.66524147,-79.410375247,1
365 Manning Ave,43.655668647,-79.412107542,1
758A Dundas St W,43.652205114,-79.406798128,1
175 Bellwoods Ave,43.651013377,-79.412683221,1
120 Scollard St,43.671687796,-79.392822735,1
293 Harbord St,43.660325848,-79.415282747,1
88 Bernard Ave,43.673192835,-79.402200579,1
908 Bathurst St,43.667875435,-79.412383442,1
592 Markham St,43.663837207,-79.412076762,1
1114 Yonge St,43.678748585,-79.390369058,1
48 Hayden St,43.669882123,-79.384221475,1
608 Markham St,43.664338688,-79.412282687,1
287 Spadina Ave,43.653199191,-79.397957225,1
580 College St,43.655400964,-79.413235511,1
117 Spadina Rd,43.671513371,-79.405640323,1
455 Bathurst St,43.655376358,-79.407158472,1
182 Augusta Ave,43.653943227,-79.401855152,1
541 College St,43.655548462,-79.4117072,1
816 College St,43.654589276,-79.422034473,1
198 Brunswick Ave,43.662906936,-79.406330329,1
620 Bloor St W,43.664587681,-79.414032299,1
8A Spadina Rd,43.667261065,-79.404202604,2
162 Spadina Rd,43.674025669,-79.406878093,1
43 Madison Ave,43.66891575,-79.403422112,1
388 Spadina Ave,43.655416089,-79.399233314,1
677 Huron St,43.675320398,-79.404497981,1
854 Dundas St W,43.651463333,-79.410466819,1
468 Bathurst St,43.655761872,-79.407518819,1
21 Sussex Ave,43.664951678,-79.401001856,1
2 D'Arcy St,43.655360322,-79.391953634,1
372 Spadina Ave,43.655007101,-79.399043893,1
634 Church St,43.669730056,-79.382705057,1
323 Davenport Rd,43.674718547,-79.401126967,1
292 College St,43.657833275,-79.401326072,1
812 Bloor St W,43.662692563,-79.422688676,1
880 Bathurst St,43.667277503,-79.412153485,1
560A Dundas St W,43.652653775,-79.399780403,2
87 Walton St,43.657927734,-79.38524767,1
580 Bloor St W,43.664960635,-79.412291533,1
392 College St,43.65698825,-79.405587892,1
168 Bedford Rd,43.675170726,-79.400064766,1
874 Yonge St,43.672486477,-79.387787626,1
1090 Dundas St W,43.649766104,-79.418876874,1
201 Baldwin St,43.654206963,-79.401782091,1
21 Hazelton Ave,43.671539663,-79.393181961,1
130 Harbord St,43.662614073,-79.404573183,1
54 Hoskin Ave,43.664270421,-79.397987825,1
76 College St,43.660735439,-79.386797523,1
832 Bloor St W,43.662473035,-79.423680013,1
79 Harbord St,43.662786694,-79.403112919,1
221 Spadina Rd,43.674470113,-79.406819514,1
12 Madison Ave,43.667894447,-79.403162035,2
291 College St,43.657689542,-79.401042578,1
252 Palmerston Ave,43.654263962,-79.409525663,1
812 Church St,43.672057855,-79.385315376,1
484 Dundas St W,43.653201843,-79.397103446,1
287 College St,43.657693641,-79.400965485,1
849 1/2 Bloor St W,43.66230182,-79.42387107,1
207 Harbord St,43.661541979,-79.409266872,1
617 College St,43.654969239,-79.41474192,1
478 Bloor St W,43.665561488,-79.409466296,1
1299 Yonge St,43.684564876,-79.392543428,1
76 Scollard St,43.672042653,-79.391086356,1
179 Major St,43.662444519,-79.404689806,1
35 Avenue Rd,43.670494813,-79.394743913,1
150 Harbord St,43.66245222,-79.405449132,2
468 Dundas St W,43.653279802,-79.396736247,1
802 Bloor St W,43.662742869,-79.422468801,2
169 Brunswick Ave,43.662393659,-79.405680513,1
581 Euclid Ave,43.660775387,-79.413631701,1
927 Yonge St,43.675250499,-79.388732036,1
556 Spadina Cres,43.660048816,-79.401555707,1
99 Wellesley St W,43.663318807,-79.39041733,2
296 College St,43.657778771,-79.401641062,1
05-Nov Elm Ave,43.674622692,-79.379628491,1
126 Mc Caul St,43.654327853,-79.391684627,1
356 Bloor St W,43.666541258,-79.40477296,2
204 Augusta Ave,43.654584677,-79.402122228,1
310 College St,43.657678609,-79.402181689,1
422 College St,43.656722252,-79.406947064,1
369 Montrose Ave,43.659625385,-79.419399968,1
1100 Bay St,43.667607184,-79.38872212,1
181 Lowther Ave,43.668067828,-79.407868745,1
165 Brunswick Ave,43.662233212,-79.40581266,1
15 Elm Ave,43.674685703,-79.379337314,1
860 Yonge St,43.672302723,-79.387714806,1
708 Bloor St W,43.663776572,-79.417732319,1
623 Bloor St W,43.664424075,-79.414155822,1
11 Yorkville Ave,43.671697268,-79.388308599,1
301 Spadina Ave,43.653661591,-79.39812478,1
369 Huron St,43.663902625,-79.400262407,1
406 Spadina Ave,43.656126445,-79.399510234,1
183 Harbord St,43.661771516,-79.408166702,1
321 Davenport Rd,43.674598119,-79.400942581,1
370 Spadina Ave,43.654994597,-79.399041456,1
490 College St,43.656194111,-79.409552501,1
360 Montrose Ave,43.659548834,-79.419752723,1
189 Avenue Rd,43.675505713,-79.396708445,1
847 Bloor St W,43.662330458,-79.423720328,1
10 Dalton Rd,43.666708976,-79.406951447,1
1172 Bay St,43.669354258,-79.38943471,1
